<?xml version="1.0" encoding="UTF-8"?>
<project-private xmlns="http://www.netbeans.org/ns/project-private/1">
    <editor-bookmarks xmlns="http://www.netbeans.org/ns/editor-bookmarks/2" lastBookmarkId="0"/>
    <open-files xmlns="http://www.netbeans.org/ns/projectui-open-files/2">
        <group name="Group 20180918-11:24:07">
            <file>file:/C:/Users/PRATAP%20KUMAR/Documents/NetBeansProjects/LibraryManagementSystem/LibraryManagementSystem/src/MainFiles/Purchase.java</file>
            <file>file:/C:/Users/PRATAP%20KUMAR/Documents/NetBeansProjects/LibraryManagementSystem/LibraryManagementSystem/src/MainFiles/Slogin.java</file>
            <file>file:/C:/Users/PRATAP%20KUMAR/Documents/NetBeansProjects/LibraryManagementSystem/LibraryManagementSystem/src/MainFiles/Login.java</file>
            <file>file:/C:/Users/PRATAP%20KUMAR/Documents/NetBeansProjects/LibraryManagementSystem/LibraryManagementSystem/src/MainFiles/bill.java</file>
            <file>file:/C:/Users/PRATAP%20KUMAR/Documents/NetBeansProjects/LibraryManagementSystem/LibraryManagementSystem/src/MainFiles/addproduct.java</file>
        </group>
        <group>
            <file>file:/D:/Downloads/Stock-Management-System-master/Stock-Management-System-master/StockManagementSystem/src/MainFiles/Slogin.java</file>
            <file>file:/D:/Downloads/Stock-Management-System-master/Stock-Management-System-master/StockManagementSystem/src/MainFiles/DBConnect.java</file>
            <file>file:/D:/Downloads/Stock-Management-System-master/Stock-Management-System-master/StockManagementSystem/src/MainFiles/addtocart.java</file>
            <file>file:/D:/Downloads/Stock-Management-System-master/Stock-Management-System-master/StockManagementSystem/src/MainFiles/addproduct.java</file>
        </group>
    </open-files>
</project-private>
